order,family,genus,species,twomers,threemers,fourmers,fivemers,sixmers,all,gsz,perc2,perc3,perc4,perc5,perc6,perc.all,good.qual,bp/Mbp
Lepidoptera,Hesperiidae,Achalarus,Achalarus_lyciades,424272,496524,1690740,352475,132084,3096095,5.66E+08,0.000749597,0.000877251,0.002987173,0.000622747,0.000233364,0.005470133,TRUE,95.89571712
Hymenoptera,Formicidae,Acromyrmex,Acromyrmex_echinatior,1675922,361989,531016,179845,91974,2840746,2.95E+08,0.005681092,0.001227081,0.001800054,0.000609644,0.000311776,0.009629647,TRUE,96.03478064
Homoptera,Aphididae,Acyrthosiphon,Acyrthosiphon_pisum,1007766,1978038,967264,641775,171708,4766551,5.41E+08,0.001862784,0.003656262,0.001787919,0.001186275,0.00031739,0.00881063,TRUE,2872.48931
Diptera,Culicidae,Aedes,Aedes_aegypti,368266,1440564,1402872,635855,424158,4271715,1.38E+09,0.000266281,0.001041623,0.001014369,0.000459765,0.000306694,0.003088731,TRUE,874.7316332
Diptera,Culicidae,Aedes,Aedes_albopictus,2012024,3633978,5045784,2381410,1703136,14776332,2.25E+09,0.000895427,0.001617258,0.002245565,0.001059818,0.00075796,0.006576027,TRUE,116.2080174
Coleoptera,Nitidulidae,Aethina,Aethina_tumida,388754,375657,600192,229745,68226,1662574,2.34E+08,0.001661342,0.001605372,0.002564923,0.000981816,0.000291564,0.007105017,TRUE,126.4976637
Coleoptera,Buprestidae,Agrilus,Agrilus_planipennis,102184,342135,372064,101825,49464,967672,3.53E+08,0.000289473,0.000969221,0.001054006,0.000288456,0.000140125,0.00274128,TRUE,82.51721031
Coleoptera,Staphylinidae,Aleochara,Aleochara_bilineata,9936,139275,343740,276240,67782,836973,8.50E+07,0.000116894,0.001638529,0.004044,0.003249882,0.000797435,0.009846741,TRUE,100.9898754
Lepidoptera,Pyralidae,Amyelois,Amyelois_transitella,309164,233127,2379076,236960,60762,3219089,4.06E+08,0.000761488,0.000574204,0.005859793,0.000583645,0.00014966,0.007928791,TRUE,88.84333946
Diptera,Culicidae,Anopheles,Anopheles_aquasalis,619450,1156320,574456,156245,79224,2585695,1.62E+08,0.003823765,0.007137778,0.003546025,0.000964475,0.000489037,0.01596108,TRUE,34.55174127
Diptera,Culicidae,Anopheles,Anopheles_arabiensis,1360960,841755,435012,111285,47970,2796982,2.46E+08,0.005532358,0.003421768,0.001768341,0.000452378,0.000195,0.011369846,TRUE,68.01372865
Diptera,Culicidae,Anopheles,Anopheles_atroparvus,383784,397557,300380,82025,36492,1200238,2.24E+08,0.001713321,0.001774808,0.001340982,0.000366183,0.000162911,0.005358205,TRUE,62.38348657
Diptera,Culicidae,Anopheles,Anopheles_coluzzii,1163484,817512,429260,108300,47274,2565830,2.24E+08,0.005194125,0.003649607,0.001916339,0.000483482,0.000211045,0.011454598,TRUE,78.00650765
Diptera,Culicidae,Anopheles,Anopheles_cracens,1148660,741687,611920,158085,67770,2728122,3.26E+08,0.003523497,0.002275113,0.001877055,0.000484923,0.000207883,0.008368472,TRUE,75.60975134
Diptera,Culicidae,Anopheles,Anopheles_culicifacies,396308,337230,320352,69775,17844,1141509,2.02E+08,0.001961921,0.001669455,0.001585901,0.000345421,8.83E-05,0.005651035,TRUE,75.10881616
Diptera,Culicidae,Anopheles,Anopheles_darlingi,927372,1132266,493668,149155,87738,2790199,1.36E+08,0.006818912,0.008325485,0.003629912,0.001096728,0.000645132,0.020516169,TRUE,7332.933312
Diptera,Culicidae,Anopheles,Anopheles_dirus,1008946,601338,384616,99420,44226,2138546,2.16E+08,0.004671046,0.002783972,0.00178063,0.000460278,0.00020475,0.009900676,TRUE,59.9423904
Diptera,Culicidae,Anopheles,Anopheles_epiroticus,723232,446673,344216,87430,35202,1636753,2.23E+08,0.003243193,0.002003018,0.00154357,0.000392063,0.000157857,0.0073397,TRUE,78.35812558
Diptera,Culicidae,Anopheles,Anopheles_farauti,667104,459516,322780,90645,45804,1585849,1.83E+08,0.003645377,0.002511016,0.001763825,0.000495328,0.000250295,0.008665842,TRUE,75.19254682
Diptera,Culicidae,Anopheles,Anopheles_funestus,478518,323427,300756,80000,25614,1208315,2.25E+08,0.002126747,0.001437453,0.001336693,0.000355556,0.00011384,0.005370289,TRUE,76.35966966
Diptera,Culicidae,Anopheles,Anopheles_gambiae,1601070,1001064,503396,131320,72702,3309552,2.73E+08,0.005864725,0.003666901,0.001843941,0.000481026,0.000266308,0.012122901,TRUE,4741.754359
Diptera,Culicidae,Anopheles,Anopheles_koliensis,430940,403608,283380,79880,36924,1234732,1.51E+08,0.002853907,0.002672901,0.001876689,0.000529007,0.00024453,0.008177033,TRUE,71.02768678
Diptera,Culicidae,Anopheles,Anopheles_maculatus,1887986,1186881,803276,190930,79386,4148459,4.62E+08,0.00408655,0.002569006,0.001738693,0.000413268,0.000171831,0.008979348,TRUE,82.93044692
Diptera,Culicidae,Anopheles,Anopheles_minimus,350876,292470,279448,62385,19200,1004379,2.01E+08,0.001745652,0.001455075,0.001390289,0.000310373,9.55E-05,0.00499691,TRUE,73.32750017
Diptera,Culicidae,Anopheles,Anopheles_quadriannulatus,1400404,832170,436312,108915,46464,2824265,2.83E+08,0.004948424,0.00294053,0.001541739,0.000384859,0.000164184,0.009979735,TRUE,56.32264537
Diptera,Culicidae,Anopheles,Anopheles_sinensis,302276,390726,310156,76600,29892,1109650,2.20E+08,0.001373982,0.001776027,0.0014098,0.000348182,0.000135873,0.005043864,TRUE,90.88781529
Diptera,Culicidae,Anopheles,Anopheles_stephensi,1010236,615948,449852,91105,31650,2198791,2.21E+08,0.004571204,0.002787095,0.002035529,0.00041224,0.000143213,0.009949281,TRUE,61.37147956
Coleoptera,Cerambycidae,Anoplophora,Anoplophora_glabripennis,145050,571287,916444,229005,111954,1973740,7.07E+08,0.000205163,0.000808044,0.001296243,0.000323911,0.000158351,0.002791711,TRUE,781.8743346
Hymenoptera,Formicidae,Aphaenogaster,Aphaenogaster_ashmeadi,1175222,345441,434940,160495,82878,2198976,3.10E+08,0.003791039,0.001114326,0.001403032,0.000517726,0.000267348,0.007093471,TRUE,79.08581528
Hymenoptera,Formicidae,Aphaenogaster,Aphaenogaster_floridana,1227522,367506,496416,181460,91872,2364776,3.82E+08,0.003213408,0.000962058,0.001299518,0.000475026,0.000240503,0.006190513,TRUE,68.19446097
Hymenoptera,Formicidae,Aphaenogaster,Aphaenogaster_fulva,1050022,325263,424184,145370,70236,2015075,3.46E+08,0.003034746,0.000940066,0.001225965,0.000420145,0.000202994,0.005823916,TRUE,65.19725831
Hymenoptera,Formicidae,Aphaenogaster,Aphaenogaster_miamiana,1160922,358971,465032,165595,85524,2236044,3.42E+08,0.003394509,0.001049623,0.001359743,0.000484196,0.00025007,0.00653814,TRUE,71.68103039
Hymenoptera,Formicidae,Aphaenogaster,Aphaenogaster_picea,1120058,353463,459584,160050,78174,2171329,3.86E+08,0.002901705,0.000915707,0.001190632,0.000414637,0.000202523,0.005625205,TRUE,62.74658254
Hymenoptera,Formicidae,Aphaenogaster,Aphaenogaster_rudis,1145204,354435,486272,165195,84756,2235862,3.95E+08,0.002899251,0.000897304,0.001231068,0.000418215,0.000214572,0.00566041,TRUE,62.80028774
Hymenoptera,Apidae,Apis,Apis_cerana,1122340,610830,644580,259990,102144,2739884,2.28E+08,0.004922544,0.002679079,0.002827105,0.001140307,0.000448,0.012017035,TRUE,90.3772445
Hymenoptera,Apidae,Apis,Apis_dorsata,1374472,756228,769904,334525,129144,3364273,2.30E+08,0.005975965,0.003287948,0.003347409,0.001454457,0.000561496,0.014627274,TRUE,94.93350598
Hymenoptera,Apidae,Apis,Apis_florea,1882784,844920,734120,274070,94686,3830580,2.30E+08,0.008186017,0.003673565,0.003191826,0.001191609,0.000411678,0.016654696,TRUE,86.45664114
Hymenoptera,Apidae,Apis,Apis_mellifera,1772126,902577,887540,364405,149124,4075772,2.50E+08,0.007088504,0.003610308,0.00355016,0.00145762,0.000596496,0.016303088,TRUE,5995.421189
Hymenoptera,Tenthredinidae,Athalia,Athalia_rosae,415602,421896,458444,117225,94302,1507469,1.63E+08,0.002549706,0.002588319,0.00281254,0.000719172,0.00057854,0.009248276,TRUE,70.93597214
Hymenoptera,Formicidae,Atta,Atta_cephalotes,3008122,482619,659568,204885,82152,4437346,3.17E+08,0.009489344,0.001522457,0.002080656,0.000646325,0.000259155,0.013997937,TRUE,5884.397752
Hymenoptera,Formicidae,Atta,Atta_colombica,2102910,397521,589676,163465,76698,3330270,2.91E+08,0.007226495,0.001366052,0.002026378,0.000561735,0.000263567,0.011444227,TRUE,92.27216451
Diptera,Tephritidae,Bactrocera,Bactrocera_dorsalis,418734,602352,960440,179895,89934,2251355,4.14E+08,0.001011435,0.001454957,0.002319903,0.000434529,0.000217232,0.005438056,TRUE,87.08756735
Diptera,Tephritidae,Bactrocera,Bactrocera_latifrons,552900,686325,1120764,213970,138558,2712517,4.62E+08,0.001196753,0.001485552,0.002425896,0.000463139,0.000299909,0.005871249,TRUE,103.5858268
Diptera,Tephritidae,Bactrocera,Bactrocera_oleae,745742,665649,1191876,247240,135402,2985909,4.71E+08,0.001583316,0.001413268,0.002530522,0.000524926,0.000287478,0.00633951,TRUE,103.3171431
Diptera,Tephritidae,Bactrocera,Bactrocera_tryoni,455578,681705,1220040,233055,132840,2723218,5.19E+08,0.0008778,0.001313497,0.002350751,0.000449046,0.000255954,0.005247048,TRUE,87.1127251
Diptera,Chironomidae,Belgica,Belgica_antarctica,5828,57777,83696,17170,7404,171875,8.90E+07,6.55E-05,0.00064918,0.000940404,0.000192921,8.32E-05,0.00193118,TRUE,531.3911769
Lepidoptera,Nymphalidae,Bicyclus,Bicyclus_anynana,225528,1144071,1773556,509755,146214,3799124,4.75E+08,0.000474796,0.002408571,0.003733802,0.001073168,0.000307819,0.007998156,TRUE,103.8011064
Blattodea,Ectobiidae,Blattella,Blattella_germanica,1744170,8399409,6624868,1778435,482760,19029642,2.04E+09,0.000856244,0.004123421,0.003252267,0.000873066,0.000236996,0.009341994,TRUE,40.59691713
Hymenoptera,Apidae,Bombus,Bombus_impatiens,816804,292101,357920,116690,78804,1662319,2.49E+08,0.003280337,0.001173096,0.00143743,0.000468635,0.000316482,0.00667598,TRUE,2525.436357
Hymenoptera,Apidae,Bombus,Bombus_terrestris,472500,262809,343600,111230,60288,1250427,2.48E+08,0.001905242,0.001059714,0.001385484,0.000448508,0.000243097,0.005042044,TRUE,1766.77459
Lepidoptera,Bombycidae,Bombyx,Bombyx_mori,342738,624846,1113840,349620,90786,2521830,4.81E+08,0.000712553,0.001299056,0.002315676,0.000726861,0.000188744,0.00524289,TRUE,1535.884642
Odonata,Calopterygidae,Calopteryx,Calopteryx_splendens,3352052,1101459,1932168,280390,55296,6721365,1.63E+09,0.002059,0.000676572,0.001186835,0.00017223,3.40E-05,0.004128603,TRUE,82.250002
Hymenoptera,Formicidae,Camponotus,Camponotus_floridanus,2250806,461433,758648,300125,125628,3896640,2.84E+08,0.007925373,0.001624764,0.002671296,0.001056778,0.000442352,0.013720563,TRUE,98.01443673
Hymenoptera,Pteromalidae,Cecidostiba,Cecidostiba_fungosa,1485158,808461,279500,42960,24708,2640787,1.85E+08,0.008027881,0.004370059,0.001510811,0.000232216,0.000133557,0.014274524,TRUE,66.08906983
Hymenoptera,Pteromalidae,Cecidostiba,Cecidostiba_semifascia,2740552,1122774,435968,80700,51510,4431504,2.87E+08,0.009548962,0.003912105,0.001519052,0.000281185,0.000179477,0.01544078,TRUE,67.57132231
Hymenoptera,Cephidae,Cephus,Cephus_cinctus,711528,212664,204072,58295,45678,1232237,1.62E+08,0.004392148,0.001312741,0.001259704,0.000359846,0.000281963,0.007606401,TRUE,98.68373732
Hymenoptera,Apidae,Ceratina,Ceratina_calcarata,247806,266121,250184,71865,28872,864848,1.99E+08,0.001245256,0.001337291,0.001257206,0.000361131,0.000145085,0.00434597,TRUE,82.93114446
Diptera,Tephritidae,Ceratitis,Ceratitis_capitata,1055914,1101987,1925860,2508160,365682,6957603,4.36E+08,0.002421821,0.002527493,0.00441711,0.005752661,0.00083872,0.015957805,TRUE,97.17043314
Hymenoptera,Agaonidae,Ceratosolen,Ceratosolen_solmsi,3511262,1745400,1181712,251775,352134,7042283,2.77E+08,0.012676036,0.006301083,0.004266108,0.000908935,0.001271242,0.025423404,TRUE,97.92492178
Diptera,Chironomidae,Chironomus,Chironomus_riparius,41054,252663,247760,75520,17904,634901,1.54E+08,0.000266584,0.001640669,0.001608831,0.00049039,0.00011626,0.004122734,TRUE,111.4254313
Diptera,Chironomidae,Chironomus,Chironomus_tentans,33214,272508,331372,100350,29364,766808,2.13E+08,0.000155934,0.00127938,0.001555737,0.000471127,0.000137859,0.003600038,TRUE,108.2202872
Hemiptera,Cimicidae,Cimex,Cimex_lectularius,2388696,482790,1319516,221150,103224,4515376,5.10E+08,0.004683718,0.000946647,0.002587286,0.000433627,0.0002024,0.008853678,TRUE,61.59160482
Diptera,Chironomidae,Clunio,Clunio_marinus,19724,109998,176396,58205,10254,374577,8.50E+07,0.000232047,0.001294094,0.002075247,0.000684765,0.000120635,0.004406788,TRUE,116.9591163
Diptera,Scatopsidae,Coboldia,Coboldia_fuscipes,40656,128082,121216,54180,18684,362818,9.80E+07,0.000414857,0.001306959,0.001236898,0.000552857,0.000190653,0.003702224,TRUE,86.6148373
Hymenoptera,Encyrtidae,Copidosoma,Copidosoma_floridanum,1605002,1917876,706764,137010,143292,4509944,5.53E+08,0.002902354,0.00346813,0.001278054,0.000247758,0.000259118,0.008155414,TRUE,80.83852978
Hymenoptera,Braconidae,Cotesia,Cotesia_vestalis,506184,778989,686184,151805,127950,2251112,1.86E+08,0.002721419,0.004188113,0.003689161,0.000816156,0.000687903,0.012102753,TRUE,103.4746305
Blattodea,Kalotermitidae,Cryptotermes,Cryptotermes_secundus,991984,1750701,2647084,529125,206874,6125768,1.02E+09,0.000974444,0.001719746,0.002600279,0.000519769,0.000203216,0.006017454,TRUE,49.17007265
Diptera,Culicidae,Culex,Culex_quinquefasciatus,582442,797241,685024,510110,605376,3180193,5.79E+08,0.001005945,0.001376927,0.001183116,0.000881019,0.001045554,0.005492561,TRUE,1604.567199
Hymenoptera,Formicidae,Cyphomyrmex,Cyphomyrmex_costatus,1425996,380115,490248,141170,56538,2494067,3.00E+08,0.00475332,0.00126705,0.00163416,0.000470567,0.00018846,0.008313557,TRUE,93.84763676
Lepidoptera,Nymphalidae,Danaus,Danaus_plexippus,534592,241515,444984,125855,34470,1381416,2.48E+08,0.002155613,0.000973851,0.00179429,0.00050748,0.000138992,0.005570226,TRUE,1964.090489
Coleoptera,Curculionidae,Dendroctonus,Dendroctonus_ponderosae,30644,118083,184656,50085,15492,398960,2.52E+08,0.000121603,0.000468583,0.000732762,0.00019875,6.15E-05,0.001583175,TRUE,446.790822
Coleoptera,Chrysomelidae,Diabrotica,Diabrotica_virgifera,1187440,2879571,2582248,1026900,546126,8222285,2.41E+09,0.000492918,0.001195339,0.001071917,0.000426276,0.000226702,0.003413153,TRUE,50.58428992
Hymenoptera,Braconidae,Diachasma,Diachasma_alloeum,479156,358554,413680,137205,55746,1444341,3.88E+08,0.001234938,0.000924108,0.001066186,0.000353621,0.000143675,0.003722528,TRUE,84.08945505
Hymenoptera,Formicidae,Dinoponera,Dinoponera_quadriceps,2283788,445047,647128,73700,26130,3475793,2.59E+08,0.008817714,0.001718328,0.002498564,0.000284556,0.000100888,0.01342005,TRUE,74.26852197
Diptera,Drosophilidae,Drosophila,Drosophila_ananassae,255564,376059,461096,150345,254802,1497866,2.30E+08,0.001111148,0.001635039,0.002004765,0.000653674,0.001107835,0.006512461,TRUE,1883.347017
Diptera,Drosophilidae,Drosophila,Drosophila_arizonae,1342902,1033005,569496,177855,539754,3663012,1.41E+08,0.009524128,0.007326277,0.004038979,0.001261383,0.003828043,0.025978809,TRUE,82.1080893
Diptera,Drosophilidae,Drosophila,Drosophila_biarmipes,133724,302862,274380,103020,133980,947966,1.69E+08,0.000791266,0.001792083,0.00162355,0.000609586,0.000792781,0.005609266,TRUE,114.8728359
Diptera,Drosophilidae,Drosophila,Drosophila_bipectinata,212332,328590,354396,110560,160710,1166588,1.67E+08,0.001271449,0.001967605,0.002122132,0.000662036,0.000962335,0.006985557,TRUE,126.9311109
Diptera,Drosophilidae,Drosophila,Drosophila_busckii,1258760,1152723,561664,178670,304650,3456467,1.35E+08,0.009324148,0.008538689,0.004160474,0.001323481,0.002256667,0.025603459,TRUE,108.5168073
Diptera,Drosophilidae,Drosophila,Drosophila_elegans,274682,394404,318524,158750,236670,1383030,1.71E+08,0.001606327,0.002306456,0.001862713,0.000928363,0.001384035,0.008087895,TRUE,115.8887729
Diptera,Drosophilidae,Drosophila,Drosophila_erecta,195074,273204,274092,111220,219108,1072698,1.52E+08,0.001283382,0.001797395,0.001803237,0.000731711,0.0014415,0.007057224,TRUE,2055.606057
Diptera,Drosophilidae,Drosophila,Drosophila_eugracilis,413394,400962,397264,122705,214632,1548957,1.56E+08,0.002649962,0.002570269,0.002546564,0.000786571,0.001375846,0.009929212,TRUE,119.6110596
Diptera,Drosophilidae,Drosophila,Drosophila_ficusphila,233144,383901,294452,122010,186996,1220503,1.52E+08,0.001533842,0.002525664,0.001937184,0.000802697,0.001230237,0.008029625,TRUE,111.1851113
Diptera,Drosophilidae,Drosophila,Drosophila_grimshawi,1855788,1128060,537156,195855,385770,4102629,2.00E+08,0.00927894,0.0056403,0.00268578,0.000979275,0.00192885,0.020513145,TRUE,7653.088698
Diptera,Drosophilidae,Drosophila,Drosophila_hydei,1285846,832188,450116,169470,524904,3262524,1.39E+08,0.009250691,0.005986964,0.003238245,0.001219209,0.003776288,0.023471396,TRUE,90.63842875
Diptera,Drosophilidae,Drosophila,Drosophila_kikkawai,411992,539451,428892,149930,171342,1701607,1.64E+08,0.002512146,0.003289335,0.002615195,0.000914207,0.001044768,0.010375652,TRUE,126.3173313
Diptera,Drosophilidae,Drosophila,Drosophila_melanogaster,304278,317967,282036,160375,129648,1194304,1.43E+08,0.002127818,0.002223545,0.00197228,0.001121503,0.000906629,0.008351776,TRUE,2646.911576
Diptera,Drosophilidae,Drosophila,Drosophila_miranda,652632,526908,462872,318685,549102,2510199,1.36E+08,0.004798765,0.003874324,0.003403471,0.002343272,0.004037515,0.018457346,TRUE,58.40028705
Diptera,Drosophilidae,Drosophila,Drosophila_mojavensis,1783154,1223766,846188,276595,680592,4810295,1.93E+08,0.00923914,0.006340756,0.004384394,0.001433135,0.003526383,0.024923808,TRUE,101.7457331
Diptera,Drosophilidae,Drosophila,Drosophila_montana,1082918,881523,543580,167165,290490,2965676,1.83E+08,0.005917585,0.004817066,0.002970383,0.00091347,0.001587377,0.01620588,TRUE,82.10363624
Diptera,Drosophilidae,Drosophila,Drosophila_nasuta,643152,699597,417408,191610,254052,2205819,1.37E+08,0.00469454,0.005106547,0.003046774,0.001398613,0.001854394,0.016100869,TRUE,107.7798372
Diptera,Drosophilidae,Drosophila,Drosophila_novamexicana,1341984,974646,612276,143985,528468,3601359,1.82E+08,0.007373538,0.005355198,0.003364154,0.000791126,0.00290367,0.019787687,TRUE,98.94469873
Diptera,Drosophilidae,Drosophila,Drosophila_obscura,959322,810171,755128,503315,480690,3508626,1.81E+08,0.005300122,0.004476083,0.004171978,0.002780746,0.002655746,0.019384674,TRUE,59.47151836
Diptera,Drosophilidae,Drosophila,Drosophila_persimilis,653534,572643,589252,364665,596010,2776104,1.88E+08,0.003476245,0.003045973,0.003134319,0.001939707,0.003170266,0.014766511,TRUE,4390.471366
Diptera,Drosophilidae,Drosophila,Drosophila_pseudoobscura,659754,542298,481880,341350,571524,2596806,1.52E+08,0.004340487,0.00356775,0.003170263,0.002245724,0.003760026,0.01708425,TRUE,5171.320841
Diptera,Drosophilidae,Drosophila,Drosophila_sechellia,244060,291183,271696,207235,105180,1119354,1.66E+08,0.001470241,0.001754114,0.001636723,0.001248404,0.000633614,0.006743096,TRUE,2067.150328
Diptera,Drosophilidae,Drosophila,Drosophila_serrata,576566,628206,445576,189655,566202,2406205,1.98E+08,0.002911949,0.003172758,0.002250384,0.000957854,0.002859606,0.012152551,TRUE,158.6631827
Diptera,Drosophilidae,Drosophila,Drosophila_simulans,230022,272079,240468,103460,109920,955949,1.24E+08,0.001855016,0.002194185,0.001939258,0.000834355,0.000886452,0.007709266,TRUE,2427.087389
Diptera,Drosophilidae,Drosophila,Drosophila_subobscura,566072,568743,451972,224580,370254,2181621,1.17E+08,0.004838222,0.004861051,0.003863009,0.001919487,0.003164564,0.018646333,TRUE,66.90189556
Diptera,Drosophilidae,Drosophila,Drosophila_suzukii,191930,356583,442172,133810,163746,1288241,2.32E+08,0.000827284,0.001536996,0.001905914,0.000576767,0.000705802,0.005552763,TRUE,106.3913405
Diptera,Drosophilidae,Drosophila,Drosophila_takahashii,168666,388485,471068,139660,117918,1285797,1.82E+08,0.000926736,0.002134533,0.002588286,0.000767363,0.000647901,0.007064819,TRUE,126.6619591
Diptera,Drosophilidae,Drosophila,Drosophila_virilis,1430168,974079,871440,142440,420708,3838835,2.06E+08,0.006942563,0.004728539,0.004230291,0.000691456,0.002042272,0.018635121,TRUE,6544.001431
Diptera,Drosophilidae,Drosophila,Drosophila_willistoni,1373902,1017711,978496,202895,217038,3790042,2.35E+08,0.005846391,0.004330685,0.004163813,0.000863383,0.000923566,0.016127838,TRUE,5694.831851
Diptera,Drosophilidae,Drosophila,Drosophila_yakuba,265142,325815,295884,139340,211692,1237873,1.65E+08,0.001606921,0.001974636,0.001793236,0.000844485,0.001282982,0.007502261,TRUE,2272.497029
Hymenoptera,Halictidae,Dufourea,Dufourea_novaeangliae,419138,244920,312632,68170,39498,1084358,2.79E+08,0.001502287,0.000877849,0.001120545,0.000244337,0.00014157,0.003886588,TRUE,95.47559488
Ephemeroptera,Ephemeridae,Ephemera,Ephemera_danica,2303596,560031,643064,145080,35712,3687483,4.74E+08,0.004859907,0.0011815,0.001356675,0.000306076,7.53E-05,0.0077795,TRUE,95.53967889
Hymenoptera,Apidae,Eufriesea,Eufriesea_mexicana,518618,447528,1717820,1259010,128190,4071166,5.96E+08,0.000870164,0.000750886,0.002882248,0.002112433,0.000215084,0.006830815,TRUE,68.3942204
Hymenoptera,Eupelmidae,Eupelmus,Eupelmus_annulatus,1592846,473610,545780,107875,66726,2786837,3.14E+08,0.005072758,0.001508312,0.001738153,0.000343551,0.000212503,0.008875277,TRUE,94.99268956
Hymenoptera,Eupelmidae,Eupelmus,Eupelmus_urozonus,1991314,540468,654624,135475,92700,3414581,3.76E+08,0.005296048,0.001437415,0.001741021,0.000360306,0.000246543,0.009081332,TRUE,97.29581032
Hemiptera,Pseudococcidae,Ferrisia,Ferrisia_virgata,409442,499005,649452,240250,169146,1967295,3.04E+08,0.001346849,0.001641464,0.002136355,0.000790296,0.000556401,0.006471365,TRUE,119.010083
Diptera,Tephritidae,Fopius,Fopius_arisanus,78344,139155,189008,43085,33456,483048,1.53E+08,0.000512052,0.00090951,0.001235346,0.000281601,0.000218667,0.003157176,TRUE,95.26018825
Lepidoptera,Pyralidae,Galleria,Galleria_mellonella,3239654,966087,2310704,386145,187740,7090330,578,0.005604938,0.001671431,0.003997758,0.000668071,0.00032481,0.012267007,TRUE,90.09670571
Hemiptera,Gerridae,Gerris,Gerris_buenoi,1234404,1442763,2705744,395235,115110,5893256,994,0.001241855,0.001451472,0.002722076,0.000397621,0.000115805,0.005928829,TRUE,62.37660364
Diptera,Glossinidae,Glossina,Glossina_austeni,2093022,1322217,1358676,313495,312660,5400070,370,0.005656816,0.003573559,0.003672097,0.000847284,0.000845027,0.014594784,TRUE,93.64916291
Diptera,Glossinidae,Glossina,Glossina_brevipalpis,1747136,1104111,1218048,273780,218454,4561529,315,0.005546463,0.003505114,0.003866819,0.000869143,0.000693505,0.014481044,TRUE,105.3080983
Diptera,Glossinidae,Glossina,Glossina_fuscipes,2021718,1250502,1227696,240290,185718,4925924,374,0.005405663,0.003343588,0.00328261,0.000642487,0.000496572,0.01317092,TRUE,485.0220576
Diptera,Glossinidae,Glossina,Glossina_morsitans,1729982,1133928,1217928,234070,206172,4522080,366,0.004726727,0.003098164,0.003327672,0.000639536,0.000563311,0.01235541,TRUE,512.6792041
Diptera,Glossinidae,Glossina,Glossina_pallidipes,1630880,1074285,1134336,206840,175380,4221721,357,0.004568291,0.003009202,0.003177412,0.000579384,0.000491261,0.011825549,TRUE,507.1191017
Diptera,Glossinidae,Glossina,Glossina_palpalis,1840186,1196739,1165896,238695,183768,4625284,380,0.004842595,0.003149313,0.003068147,0.000628145,0.0004836,0.0121718,TRUE,87.01297284
Hymenoptera,Apidae,Habropoda,Habropoda_laboriosa,657194,345303,380180,108710,43962,1535349,296,0.00222025,0.001166564,0.001284392,0.000367264,0.00014852,0.00518699,TRUE,90.24609807
Hemiptera,Pentatomidae,Halyomorpha,Halyomorpha_halys,1064796,1347954,2438036,534795,119502,5505083,998,0.00106693,0.001350655,0.002442922,0.000535867,0.000119741,0.005516115,TRUE,63.42957923
Hymenoptera,Formicidae,Harpegnathos,Harpegnathos_saltator,5975190,1154460,1153836,336860,291846,8912192,334,0.01788979,0.003456467,0.003454599,0.001008563,0.00087379,0.02668321,TRUE,67.32890683
Lepidoptera,Nymphalidae,Heliconius,Heliconius_melpomene,204478,307869,723112,168400,58326,1462185,273,0.000749004,0.001127725,0.002648762,0.00061685,0.000213648,0.005355989,TRUE,1781.101536
Lepidoptera,Noctuidae,Helicoverpa,Helicoverpa_armigera,56344,266715,624052,88280,32382,1067773,337,0.000167193,0.000791439,0.001851786,0.000261958,9.61E-05,0.003168466,TRUE,93.76792385
Lepidoptera,Noctuidae,Helicoverpa,Helicoverpa_punctigera,62574,336549,1218664,98845,37458,1754090,432,0.000144847,0.000779049,0.002820981,0.000228808,8.67E-05,0.004060394,TRUE,1176.549166
Lepidoptera,Noctuidae,Helicoverpa,Helicoverpa_zea,59532,284313,664980,99335,41262,1149422,341,0.000174581,0.000833762,0.001950088,0.000291305,0.000121003,0.003370739,TRUE,96.3952972
Coleoptera,Curculionidae,Hypothenemus,Hypothenemus_hampei,49116,118089,140880,27520,9948,345553,151,0.000325272,0.000782046,0.00093298,0.000182252,6.59E-05,0.00228843,TRUE,86.30128784
Odonata,Libellulidae,Libellula,Ladona_fulva,263030,795453,931384,160730,75804,2226401,1158,0.000227142,0.00068692,0.000804304,0.0001388,6.55E-05,0.001922626,TRUE,641.0273431
Hymenoptera,Halictidae,Lasioglossum,Lasioglossum_albipes,648232,316737,341632,200160,91422,1598183,336,0.001929262,0.00094267,0.001016762,0.000595714,0.000272089,0.004756497,TRUE,81.10032976
Hymenoptera,Formicidae,Lasius,Lasius_niger,1761344,333708,434992,104250,75696,2709990,236,0.007463322,0.001414017,0.001843186,0.000441737,0.000320746,0.011483008,TRUE,91.27298258
Hymenoptera,Apidae,Lepidotrigona,Lepidotrigona_ventralis,1889914,632343,690108,330915,169428,3712708,333,0.005675417,0.001898928,0.002072396,0.000993739,0.000508793,0.011149273,TRUE,97.99129318
Coleoptera,Chrysomelidae,Leptinotarsa,Leptinotarsa_decemlineata,201538,481290,645032,331990,63300,1723150,641,0.000314412,0.000750842,0.00100629,0.000517925,9.88E-05,0.002688222,TRUE,85.19721929
Hymenoptera,Figitidae,Leptopilina,Leptopilina_boulardi,1916638,1156164,728324,151705,85356,4038187,283,0.006772572,0.004085385,0.002573583,0.00053606,0.000301611,0.014269212,TRUE,78.10993694
Hymenoptera,Figitidae,Leptopilina,Leptopilina_clavipes,706314,903363,622188,155900,197136,2584901,255,0.002769859,0.0035426,0.002439953,0.000611373,0.000773082,0.010136867,TRUE,86.71050503
Hymenoptera,Formicidae,Linepithema,Linepithema_humile,841004,282657,340732,95600,43578,1603571,2.19E+08,0.003840201,0.001290671,0.001555854,0.00043653,0.000198986,0.007322242,TRUE,97.04750439
Diptera,Calliphoridae,Lucilia,Lucilia_cuprina,241098,621420,3231420,273375,48372,4415685,4.34E+08,0.000555525,0.001431843,0.007445668,0.000629896,0.000111456,0.010174389,TRUE,2723.750791
Hemiptera,Pseudococcidae,Maconellicoccus,Maconellicoccus_hirsutus,37186,107430,166420,82915,69456,463407,1.63E+08,0.000228135,0.00065908,0.001020982,0.000508681,0.00042611,0.002842988,TRUE,136.4903078
Hymenoptera,Braconidae,Macrocentrus,Macrocentrus_cingulum,176912,208776,198544,35545,13680,633457,1.27E+08,0.001393008,0.001643906,0.001563339,0.000279882,0.000107717,0.00498785,TRUE,76.29200678
Lepidoptera,Sphingidae,Manduca,Manduca_sexta,187264,463494,835880,159285,48870,1694793,4.19E+08,0.000446931,0.001106191,0.00199494,0.000380155,0.000116635,0.004044852,TRUE,88.78126893
Diptera,Cecidomyiidae,Mayetiola,Mayetiola_destructor,561174,724497,340544,141210,91068,1858493,1.85E+08,0.003033373,0.0039162,0.001840778,0.000763297,0.000492259,0.010045908,TRUE,3487.288519
Hymenoptera,Megachilidae,Megachile,Megachile_rotundata,190804,206874,315636,123210,62472,898996,2.72E+08,0.000701485,0.000760566,0.001160426,0.000452978,0.000229676,0.003305132,TRUE,103.2419176
Hymenoptera,Torymidae,Megastigmus,Megastigmus_dorsalis,6124356,1494225,1055988,222920,238866,9136355,5.89E+08,0.010397888,0.002536885,0.001792849,0.000378472,0.000405545,0.015511638,TRUE,89.87233015
Hymenoptera,Torymidae,Megastigmus,Megastigmus_stigmatizans,6548840,1381176,1040156,191030,235800,9397002,5.77E+08,0.011349809,0.002393719,0.001802697,0.000331075,0.000408666,0.016285965,TRUE,91.80326378
Hemiptera,Aphididae,Melanaphis,Melanaphis_sacchari,963822,1222548,680980,315895,85200,3268445,3.00E+08,0.00321274,0.00407516,0.002269933,0.001052983,0.000284,0.010894817,TRUE,84.88307443
Hymenoptera,Apidae,Melipona,Melipona_quadrifasciata,1195126,457365,572136,230805,133338,2588770,2.56E+08,0.004668461,0.001786582,0.002234906,0.000901582,0.000520852,0.010112383,TRUE,89.80007019
Hymenoptera,Braconidae,Microplitis,Microplitis_demolitor,1186936,961740,712968,138365,118194,3118203,2.41E+08,0.004925046,0.003990622,0.002958373,0.000574129,0.000490432,0.012938602,TRUE,86.0192449
Hymenoptera,Formicidae,Monomorium,Monomorium_pharaonis,1764730,433026,571728,155980,90966,3016430,2.57E+08,0.006866654,0.001684926,0.002224623,0.000606926,0.000353953,0.011737082,TRUE,90.45382714
Diptera,Muscidae,Musca,Musca_domestica,1085148,1365612,2028464,247945,65754,4792923,7.50E+08,0.001446864,0.001820816,0.002704619,0.000330593,8.77E-05,0.006390564,TRUE,92.58613385
Hemiptera,Aphididae,Myzus,Myzus_persicae,962862,1552545,656028,350130,93246,3614811,3.47E+08,0.002774818,0.004474193,0.001890571,0.00100902,0.00026872,0.010417323,TRUE,94.001537
Hymenoptera,Pteromalidae,Nasonia,Nasonia_giraulti,1624388,451191,211756,32625,22110,2342070,2.83E+08,0.005739887,0.001594314,0.000748254,0.000115283,7.81E-05,0.008275866,TRUE,52.57275903
Hymenoptera,Pteromalidae,Nasonia,Nasonia_longicornis,1542792,446832,215284,33630,21702,2260240,2.85E+08,0.005413305,0.001567832,0.000755382,0.000118,7.61E-05,0.007930667,TRUE,52.10930151
Hymenoptera,Pteromalidae,Nasonia,Nasonia_vitripennis,3174836,611922,309920,53030,37020,4186728,2.95E+08,0.010762156,0.002074312,0.001050576,0.000179763,0.000125492,0.014192298,TRUE,6353.39935
Hymenoptera,Diprionidae,Neodiprion,Neodiprion_lecontei,733124,491622,416428,124515,81390,1847079,2.39E+08,0.003067464,0.002056996,0.001742377,0.000520983,0.000340544,0.007728364,TRUE,90.29227908
Coleoptera,Silphidae,Nicrophorus,Nicrophorus_vespilloides,354784,586692,532480,100060,14568,1588584,1.95E+08,0.001819405,0.003008677,0.002730667,0.000513128,7.47E-05,0.008146585,TRUE,133.4129605
Hemiptera,Lygaeidae,Oncopeltus,Oncopeltus_fasciatus,9354504,1021734,2638540,547555,228966,13791299,1.10E+09,0.008511833,0.000929694,0.002400855,0.00049823,0.00020834,0.012548953,TRUE,57.94681697
Hymenoptera,Formicidae,Ooceraea,Ooceraea_biroi,641380,297345,363656,109250,59808,1471439,2.12E+08,0.003025377,0.001402571,0.001715358,0.00051533,0.000282113,0.00694075,TRUE,82.63097125
Lepidoptera,Geometridae,Operophtera,Operophtera_brumata,891088,1429308,3896496,916910,359514,7493316,6.38E+08,0.00139669,0.002240295,0.006107361,0.001437163,0.000563502,0.011745009,TRUE,75.54750356
Hymenoptera,Ormnyridae,Ormyrus,Ormyrus_nitidulus,1510086,621936,397120,89045,45978,2664165,2.59E+08,0.005830448,0.002401297,0.001533282,0.000343803,0.000177521,0.010286351,TRUE,88.63502576
Hymenoptera,Ormnyridae,Ormyrus,Ormyrus_pomaceus,1729018,703791,427184,97245,55842,3013080,2.66E+08,0.006500068,0.002645831,0.001605955,0.000365583,0.000209932,0.011327368,TRUE,90.42250122
Hymenoptera,Orussidae,Orussus,Orussus_abietinus,175938,89352,166212,60165,40962,532629,1.86E+08,0.000945903,0.000480387,0.000893613,0.000323468,0.000220226,0.002863597,TRUE,81.8462769
Lepidoptera,Papilionidae,Papilio,Papilio_glaucus,111872,355944,927008,192390,31566,1618780,3.74E+08,0.000299123,0.000951722,0.002478631,0.000514412,8.44E-05,0.004328289,TRUE,124.7146411
Lepidoptera,Papilionidae,Papilio,Papilio_machaon,117380,297024,770812,146860,46032,1378108,2.78E+08,0.00042223,0.001068432,0.002772705,0.000528273,0.000165583,0.004957223,TRUE,109.3750493
Lepidoptera,Papilionidae,Papilio,Papilio_polytes,43484,191736,614936,119555,36936,1006647,2.27E+08,0.000191559,0.000844652,0.002708969,0.000526674,0.000162714,0.004434568,TRUE,108.6507349
Lepidoptera,Papilionidae,Papilio,Papilio_xuthus,124702,288246,605196,127660,37770,1183574,2.43E+08,0.000513177,0.001186198,0.002490519,0.00052535,0.000155432,0.004870675,TRUE,105.9985333
Hemiptera,Pseudococcidae,Paracoccus,Paracoccus_marginatus,73286,233244,381204,175115,79974,942823,1.91E+08,0.000383696,0.001221173,0.001995832,0.000916832,0.000418712,0.004936246,TRUE,127.5885696
Diptera,Rhinophoridae,Paykullia,Paykullia_maculata,610628,612948,2258232,267185,87906,3836899,4.22E+08,0.001446986,0.001452483,0.005351261,0.00063314,0.000208308,0.009092178,TRUE,101.7578109
Lepidoptera,Pieridae,Phoebis,Phoebis_sennae,100506,259836,1114280,203460,67494,1745576,2.87E+08,0.000350195,0.000905352,0.003882509,0.00070892,0.000235171,0.006082146,TRUE,102.3477753
Diptera,Calliphoridae,Phormia,Phormia_regina,690938,1417353,2715384,341875,150456,5316006,5.49E+08,0.001258539,0.002581699,0.004946055,0.000622723,0.000274055,0.009683071,TRUE,87.38157918
Lepidoptera,Pyralidae,Plodia,Plodia_interpunctella,596906,347967,1337560,193490,105426,2581349,3.82E+08,0.001562581,0.000910908,0.003501466,0.000506518,0.000275984,0.006757458,TRUE,98.52826282
Hymenoptera,Formicidae,Pogomyrmex,Pogonomyrmex_barbatus,2076946,468246,544672,179185,100758,3369807,2.35E+08,0.008838068,0.001992536,0.002317753,0.000762489,0.000428757,0.014339604,TRUE,87.02886387
Coleoptera,Carabidae,Pogonus,Pogonus_chalceus,413484,297255,666396,185115,44664,1606914,2.80E+08,0.001476729,0.001061625,0.002379986,0.000661125,0.000159514,0.005738979,TRUE,101.5608145
Hymenoptera,Vespidae,Polistes,Polistes_canadensis,2734186,1677048,1375504,413675,350250,6550663,2.11E+08,0.012958227,0.007948095,0.006518976,0.001960545,0.001659953,0.031045796,TRUE,87.99623746
Hymenoptera,Vespidae,Polistes,Polistes_dominula,2958176,2251491,1486780,534975,417810,7649232,2.08E+08,0.014222,0.010824476,0.007147981,0.002571995,0.002008702,0.036775154,TRUE,97.73767941
Hemiptera,Pseudococcidae,Pseudococcus,Pseudococcus_longispinus,37748,162852,363696,148020,85416,797732,2.84E+08,0.000132915,0.000573423,0.00128062,0.000521197,0.000300761,0.002808915,TRUE,147.2647124
Hymenoptera,Formicidae,Pseudomyrmex,Pseudomyrmex_gracilis,2468220,500112,552392,144445,84474,3749643,2.82E+08,0.008752553,0.001773447,0.001958837,0.000512216,0.000299553,0.013296606,TRUE,77.23424426
Diptera,Tephritidae,Rhagoletis,Rhagoletis_zephyria,1250656,2670321,4101260,866560,758280,9647077,1.11E+09,0.00112368,0.00239921,0.00368487,0.00077858,0.000681294,0.008667634,TRUE,95.9583431
Hemiptera,Reduviidae,Rhodnius,Rhodnius_prolixus,539306,1081089,1182232,407825,150234,3360686,7.06E+08,0.00076389,0.001531288,0.00167455,0.000577656,0.000212796,0.004760178,TRUE,1454.176541
Diptera,Drosophilidae,Scaptodrosophila,Scaptodrosophila_lebanonensis,1010860,995766,1479832,272220,237828,3996506,2.47E+08,0.004092551,0.004031441,0.005991223,0.001102105,0.000962866,0.016180186,TRUE,88.94173928
Hemiptera,Aphididae,Schizaphis,Schizaphis_graminum,1048680,1518483,764764,458395,107388,3897710,3.85E+08,0.002723844,0.003944112,0.0019864,0.001190636,0.00027893,0.010123922,TRUE,90.10926256
Hemiptera,Aphididae,Sipha,Sipha_flava,1143944,1171491,773084,287360,100662,3476541,3.53E+08,0.003240635,0.003318671,0.00219004,0.000814051,0.000285161,0.009848558,TRUE,98.19079156
Coleoptera,Curculionidae,Sitophilus,Sitophilus_oryzae,600112,583758,1034280,437225,228054,2883429,6.51E+08,0.000921831,0.00089671,0.001588756,0.000671621,0.000350313,0.00442923,TRUE,80.27231482
Hymenoptera,Formicidae,Solenopsis,Solenopsis_invicta,1633004,566223,743296,225800,129744,3298067,3.96E+08,0.004123747,0.001429856,0.00187701,0.000570202,0.000327636,0.008328452,TRUE,3152.262834
Lepidoptera,Noctuidae,Spodoptera,Spodoptera_frugiperda,204390,432516,1485560,481590,162900,2766956,5.14E+08,0.000397646,0.000841471,0.002890195,0.000936946,0.000316926,0.005383183,TRUE,113.135102
Lepidoptera,Noctuidae,Spodoptera,Spodoptera_litura,180302,429303,1136064,357030,142554,2245253,4.38E+08,0.000411648,0.000980144,0.002593753,0.000815137,0.000325466,0.005126148,TRUE,100.996392
Diptera,Muscidae,Stomoxys,Stomoxys_calcitrans,957572,993477,1981768,736320,134796,4803933,9.71E+08,0.000986171,0.001023148,0.002040956,0.000758311,0.000138822,0.004947408,TRUE,75.72576344
Hymenoptera,Cynipidae,Synergus,Synergus_umbraculus,270718,256161,341332,110630,55266,1034107,2.35E+08,0.001151991,0.001090047,0.001452477,0.000470766,0.000235174,0.004400455,TRUE,104.0350537
Diptera,Diopsidae,Teleopsis,Teleopsis_dalmanni,857964,1307460,2200912,808835,473496,5648667,6.21E+08,0.001381585,0.002105411,0.003544142,0.001302472,0.000762473,0.009096082,TRUE,2647.561526
Hymenoptera,Formicidae,Temnothorax,Temnothorax_curvispinosus,1255590,389646,525132,172095,117078,2459541,3.03E+08,0.004143861,0.00128596,0.001733109,0.00056797,0.000386396,0.008117297,TRUE,98.39253267
Phasmatodea,Timematidae,Timema,Timema_cristinae,2334116,3974232,1697620,407570,118698,8532236,9.55E+08,0.002444101,0.004161499,0.001777613,0.000426775,0.000124291,0.008934279,TRUE,68.69876506
Hemiptera,Pseudococcidae,Trabutina,Trabutina_mannipara,203818,224691,292520,116190,64032,901251,1.72E+08,0.001184988,0.001306343,0.001700698,0.000675523,0.000372279,0.005239831,TRUE,1640.031664
Hymenoptera,Formicidae,Trachymyrmex,Trachymyrmex_cornetzi,1407286,371952,526032,170285,82968,2558523,3.69E+08,0.003813783,0.001008,0.001425561,0.000461477,0.000224846,0.006933667,TRUE,89.25171165
Hymenoptera,Formicidae,Trachymyrmex,Trachymyrmex_septentrionalis,1942292,387321,545036,169725,85098,3129472,2.91E+08,0.006674543,0.001331,0.001872976,0.000583247,0.000292433,0.010754199,TRUE,92.77215614
Hymenoptera,Formicidae,Trachymyrmex,Trachymyrmex_zeteki,1139136,278868,421512,116590,59064,2015170,2.67E+08,0.004266427,0.001044449,0.001578697,0.000436667,0.000221213,0.007547453,TRUE,97.64784197
Coleoptera,Tenebrionidae,Tribolium,Tribolium_castaneum,34714,290361,228660,89145,47700,690580,1.65E+08,0.000210388,0.001759764,0.001385818,0.000540273,0.000289091,0.004185333,TRUE,1184.033345
Hymenoptera,Trichogrammatidae,Trichogramma,Trichogramma_pretiosum,1365186,1100886,377652,74715,43734,2962173,1.87E+08,0.00730046,0.005887091,0.002019529,0.000399545,0.000233872,0.015840497,TRUE,79.65169963
Lepidoptera,Noctuidae,Trichoplusia,Trichoplusia_ni,81152,311535,843308,170460,53166,1459621,3.68E+08,0.000220522,0.000846563,0.002291598,0.000463207,0.000144473,0.003966361,TRUE,1078.606491
Lepidoptera,Nymphalidae,Vanessa,Vanessa_tameamea,357306,385185,917264,278385,65604,2003744,3.57E+08,0.001000857,0.00107895,0.002569367,0.00077979,0.000183765,0.005612728,TRUE,117.1690817
Hymenoptera,Formicidae,Vollenhovia,Vollenhovia_emeryi,1036312,354021,405772,133155,88158,2017418,2.87E+08,0.003610843,0.001233523,0.00141384,0.000463955,0.000307171,0.007029331,TRUE,75.90113661
Hymenoptera,Formicidae,Wasmannia,Wasmannia_auropunctata,1794192,511230,590776,202985,101898,3201081,3.24E+08,0.00553763,0.00157787,0.001823383,0.000626497,0.0003145,0.00987988,TRUE,79.93639372
Diptera,Drosophilidae,Zaprionus,Zaprionus_indianus,795264,754659,363092,131785,155484,2200284,1.23E+08,0.006465561,0.006135439,0.002951967,0.001071423,0.001264098,0.017888488,TRUE,85.35291226
Diptera,Tephritidae,Zeugodacus,Zeugodacus_cucurbitae,564230,898905,1140348,337315,180330,3121128,3.74E+08,0.001508636,0.002403489,0.003049059,0.000901912,0.000482166,0.008345262,TRUE,110.3355262
Blattodea,Archotermopsidae,Zootermopsis,Zootermopsis_nevadensis,431474,516315,748600,431000,40332,2167721,4.85E+08,0.000889637,0.001064567,0.001543505,0.00088866,8.32E-05,0.004469528,TRUE,1366.315584